"district","thana"
"Bagerhat","Bagerhat Sadar"
"Bagerhat","Chitalmari"
"Bagerhat","Fakirhat"
"Bagerhat","Kachua"
"Bagerhat","Mollahat"
"Bagerhat","Mongla"
"Bagerhat","Morrelganj"
"Bagerhat","Rampal"
"Bagerhat","Sarankhola"
"Bandarban","Alikadam"
"Bandarban","Bandarban Sadar"
"Bandarban","Lama"
"Bandarban","Naikhongchhari"
"Bandarban","Rowangchhari"
"Bandarban","Ruma"
"Bandarban","Thanchi"
"Barguna","Amtali"
"Barguna","Bamna"
"Barguna","Barguna Sadar"
"Barguna","Betagi"
"Barguna","Patharghata"
"Barisal","Agailjhara"
"Barisal","Babuganj"
"Barisal","Bakerganj"
"Barisal","Banari Para"
"Barisal","Barisal Sadar (Kotwali)"
"Barisal","Gaurnadi"
"Barisal","Hizla"
"Barisal","Mehendiganj"
"Barisal","Muladi"
"Barisal","Wazirpur"
"Bhola","Bhola Sadar"
"Bhola","Burhanuddin"
"Bhola","Char Fasson"
"Bhola","Daulatkhan"
"Bhola","Lalmohan"
"Bhola","Manpura"
"Bhola","Tazumuddin"
"Bogra","Adamdighi"
"Bogra","Bogra Sadar"
"Bogra","Dhunat"
"Bogra","Dhupchanchia"
"Bogra","Gabtali"
"Bogra","Kahaloo"
"Bogra","Nandigram"
"Bogra","Sariakandi"
"Bogra","Shajahanpur"
"Bogra","Sherpur"
"Bogra","Shibganj"
"Bogra","Sonatola"
"Brahamanbaria","Akhaura"
"Brahamanbaria","Ashuganj"
"Brahamanbaria","Banchharampur"
"Brahamanbaria","Bijoynagar"
"Brahamanbaria","Brahmanbaria Sadar"
"Brahamanbaria","Kasba"
"Brahamanbaria","Nabinagar"
"Brahamanbaria","Nasirnagar"
"Brahamanbaria","Sarail"
"Chandpur","Chandpur Sadar"
"Chandpur","Faridganj"
"Chandpur","Haim Char"
"Chandpur","Hajiganj"
"Chandpur","Kachua"
"Chandpur","Matlab Dakshin"
"Chandpur","Matlab Uttar"
"Chandpur","Shahrasti"
"Chittagong","Anowara"
"Chittagong","Bakalia"
"Chittagong","Banshkhali"
"Chittagong","Bayejid Bostami"
"Chittagong","Boalkhali"
"Chittagong","Chandanaish"
"Chittagong","Chandgaon"
"Chittagong","Chittagong Port"
"Chittagong","Double Mooring"
"Chittagong","Fatikchhari"
"Chittagong","Halishahar"
"Chittagong","Hathazari"
"Chittagong","Khulshi"
"Chittagong","Kotwali"
"Chittagong","Lohagara"
"Chittagong","Mirsharai"
"Chittagong","Pahartali"
"Chittagong","Panchlaish"
"Chittagong","Patenga"
"Chittagong","Patiya"
"Chittagong","Rangunia"
"Chittagong","Raozan"
"Chittagong","Sandwip"
"Chittagong","Satkania"
"Chittagong","Sitakunda"
"Chuadanga","Alamdanga"
"Chuadanga","Chuadanga Sadar"
"Chuadanga","Damurhuda"
"Chuadanga","Jiban Nagar"
"Comilla","Barura"
"Comilla","Brahman Para"
"Comilla","Burichang"
"Comilla","Chandina"
"Comilla","Chauddagram"
"Comilla","Comilla Adarsha Sadar"
"Comilla","Comilla Sadar Dakshin"
"Comilla","Daudkandi"
"Comilla","Debidwar"
"Comilla","Homna"
"Comilla","Laksam"
"Comilla","Manoharganj"
"Comilla","Meghna"
"Comilla","Muradnagar"
"Comilla","Nangalkot"
"Comilla","Titas"
"Cox's Bazar","Chakaria"
"Cox's Bazar","Cox's Bazar Sadar"
"Cox's Bazar","Kutubdia"
"Cox's Bazar","Maheshkhali"
"Cox's Bazar","Pekua"
"Cox's Bazar","Ramu"
"Cox's Bazar","Teknaf"
"Cox's Bazar","Ukhia"
"Dhaka","Adabor"
"Dhaka","Badda"
"Dhaka","Bangshal"
"Dhaka","Biman Bandar"
"Dhaka","Cantonment"
"Dhaka","Chak Bazar"
"Dhaka","Dakshinkhan"
"Dhaka","Darus Salam"
"Dhaka","Demra"
"Dhaka","Dhamrai"
"Dhaka","Dhanmondi"
"Dhaka","Dohar"
"Dhaka","Gendaria"
"Dhaka","Gulshan"
"Dhaka","Hazaribagh"
"Dhaka","Jatrabari"
"Dhaka","Kadamtali"
"Dhaka","Kafrul"
"Dhaka","Kalabagan"
"Dhaka","Kamrangir Char"
"Dhaka","Keraniganj"
"Dhaka","Khilgaon"
"Dhaka","Khilkhet"
"Dhaka","Kotwali"
"Dhaka","Lalbagh"
"Dhaka","Mirpur"
"Dhaka","Mohammadpur"
"Dhaka","Motijheel"
"Dhaka","Nawabganj"
"Dhaka","New Market"
"Dhaka","Pallabi"
"Dhaka","Paltan"
"Dhaka","Ramna"
"Dhaka","Rampura"
"Dhaka","Sabujbagh"
"Dhaka","Savar"
"Dhaka","Shah Ali"
"Dhaka","Shahbagh"
"Dhaka","Sher-e-bangla Nagar"
"Dhaka","Shyampur"
"Dhaka","Sutrapur"
"Dhaka","Tejgaon"
"Dhaka","Tejgaon Ind. Area"
"Dhaka","Turag"
"Dhaka","Uttar Khan"
"Dhaka","Uttara"
"Dinajpur","Biral"
"Dinajpur","Birampur"
"Dinajpur","Birganj"
"Dinajpur","Bochaganj"
"Dinajpur","Chirirbandar"
"Dinajpur","Dinajpur Sadar"
"Dinajpur","Fulbari"
"Dinajpur","Ghoraghat"
"Dinajpur","Hakimpur"
"Dinajpur","Kaharole"
"Dinajpur","Khansama"
"Dinajpur","Nawabganj"
"Dinajpur","Parbatipur"
"Faridpur","Alfadanga"
"Faridpur","Bhanga"
"Faridpur","Boalmari"
"Faridpur","Char Bhadrasan"
"Faridpur","Faridpur Sadar"
"Faridpur","Madhukhali"
"Faridpur","Nagarkanda"
"Faridpur","Sadarpur"
"Faridpur","Saltha"
"Feni","Chhagalnaiya"
"Feni","Daganbhuiyan"
"Feni","Feni Sadar"
"Feni","Fulgazi"
"Feni","Parshuram"
"Feni","Sonagazi"
"Gaibandha","Fulchhari"
"Gaibandha","Gaibandha Sadar"
"Gaibandha","Gobindaganj"
"Gaibandha","Palashbari"
"Gaibandha","Sadullapur"
"Gaibandha","Saghatta"
"Gaibandha","Sundarganj"
"Gazipur","Gazipur Sadar"
"Gazipur","Kaliakair"
"Gazipur","Kaliganj"
"Gazipur","Kapasia"
"Gazipur","Sreepur"
"Gopalganj","Gopalganj Sadar"
"Gopalganj","Kashiani"
"Gopalganj","Kotali Para"
"Gopalganj","Muksudpur"
"Gopalganj","Tungi Para"
"Habiganj","Ajmiriganj"
"Habiganj","Bahubal"
"Habiganj","Baniachong"
"Habiganj","Chunarughat"
"Habiganj","Habiganj Sadar"
"Habiganj","Lakhai"
"Habiganj","Madhabpur"
"Habiganj","Nabiganj"
"Jamalpur","Bakshiganj"
"Jamalpur","Dewanganj"
"Jamalpur","Islampur"
"Jamalpur","Jamalpur Sadar"
"Jamalpur","Madarganj"
"Jamalpur","Melandaha"
"Jamalpur","Sarishabari"
"Jessore","Abhaynagar"
"Jessore","Bagher Para"
"Jessore","Chaugachha"
"Jessore","Jhikargachha"
"Jessore","Keshabpur"
"Jessore","Kotwali"
"Jessore","Manirampur"
"Jessore","Sharsha"
"Jhalokati","Jhalokati Sadar"
"Jhalokati","Kanthalia"
"Jhalokati","Nalchity"
"Jhalokati","Rajapur"
"Jhenaidah","Harinakunda"
"Jhenaidah","Jhenaidah Sadar"
"Jhenaidah","Kaliganj"
"Jhenaidah","Kotchandpur"
"Jhenaidah","Maheshpur"
"Jhenaidah","Shailkupa"
"Joypurhat","Akkelpur"
"Joypurhat","Joypurhat Sadar"
"Joypurhat","Kalai"
"Joypurhat","Khetlal"
"Joypurhat","Panchbibi"
"Khagrachhari","Dighinala"
"Khagrachhari","Khagrachhari Sadar"
"Khagrachhari","Lakshmichhari"
"Khagrachhari","Mahalchhari"
"Khagrachhari","Manikchhari"
"Khagrachhari","Matiranga"
"Khagrachhari","Panchhari"
"Khagrachhari","Ramgarh"
"Khulna","Batiaghata"
"Khulna","Dacope"
"Khulna","Daulatpur"
"Khulna","Dighalia"
"Khulna","Dumuria"
"Khulna","Khalishpur"
"Khulna","Khan Jahan Ali"
"Khulna","Khulna Sadar"
"Khulna","Koyra"
"Khulna","Paikgachha"
"Khulna","Phultala"
"Khulna","Rupsa"
"Khulna","Sonadanga"
"Khulna","Terokhada"
"Kishoreganj","Austagram"
"Kishoreganj","Bajitpur"
"Kishoreganj","Bhairab"
"Kishoreganj","Hossainpur"
"Kishoreganj","Itna"
"Kishoreganj","Karimganj"
"Kishoreganj","Katiadi"
"Kishoreganj","Kishoreganj Sadar"
"Kishoreganj","Kuliar Char"
"Kishoreganj","Mithamain"
"Kishoreganj","Nikli"
"Kishoreganj","Pakundia"
"Kishoreganj","Tarail"
"Kurigram","Bhurungamari"
"Kurigram","Char Rajibpur"
"Kurigram","Chilmari"
"Kurigram","Kurigram Sadar"
"Kurigram","Nageshwari"
"Kurigram","Phulbari"
"Kurigram","Rajarhat"
"Kurigram","Raumari"
"Kurigram","Ulipur"
"Kushtia","Bheramara"
"Kushtia","Daulatpur"
"Kushtia","Khoksa"
"Kushtia","Kumarkhali"
"Kushtia","Kushtia Sadar"
"Kushtia","Mirpur"
"Lakshmipur","Kamalnagar"
"Lakshmipur","Lakshmipur Sadar"
"Lakshmipur","Ramganj"
"Lakshmipur","Ramgati"
"Lakshmipur","Roypur"
"Lalmonirhat","Aditmari"
"Lalmonirhat","Hatibandha"
"Lalmonirhat","Kaliganj"
"Lalmonirhat","Lalmonirhat Sadar"
"Lalmonirhat","Patgram"
"Madaripur","Kalkini"
"Madaripur","Madaripur Sadar"
"Madaripur","Rajoir"
"Madaripur","Shib Char"
"Magura","Magura Sadar"
"Magura","Mohammadpur"
"Magura","Shalikha"
"Magura","Sreepur"
"Manikganj","Daulatpur"
"Manikganj","Ghior"
"Manikganj","Harirampur"
"Manikganj","Manikganj Sadar"
"Manikganj","Saturia"
"Manikganj","Shibalaya"
"Manikganj","Singair"
"Maulvibazar","Barlekha"
"Maulvibazar","Juri"
"Maulvibazar","Kamalganj"
"Maulvibazar","Kulaura"
"Maulvibazar","Maulvi Bazar Sadar"
"Maulvibazar","Rajnagar"
"Maulvibazar","Sreemangal"
"Meherpur","Gangni"
"Meherpur","Meherpur Sadar"
"Meherpur","Mujib Nagar"
"Munshiganj","Gazaria"
"Munshiganj","Lohajang"
"Munshiganj","Munshiganj Sadar"
"Munshiganj","Serajdikhan"
"Munshiganj","Sreenagar"
"Munshiganj","Tongibari"
"Mymensingh","Bhaluka"
"Mymensingh","Dhobaura"
"Mymensingh","Fulbaria"
"Mymensingh","Gaffargaon"
"Mymensingh","Gauripur"
"Mymensingh","Haluaghat"
"Mymensingh","Ishwarganj"
"Mymensingh","Muktagachha"
"Mymensingh","Mymensingh Sadar"
"Mymensingh","Nandail"
"Mymensingh","Phulpur"
"Mymensingh","Trishal"
"Naogaon","Atrai"
"Naogaon","Badalgachhi"
"Naogaon","Dhamoirhat"
"Naogaon","Mahadebpur"
"Naogaon","Manda"
"Naogaon","Naogaon Sadar"
"Naogaon","Niamatpur"
"Naogaon","Patnitala"
"Naogaon","Porsha"
"Naogaon","Raninagar"
"Naogaon","Sapahar"
"Narail","Kalia"
"Narail","Lohagara"
"Narail","Narail Sadar"
"Narayanganj","Araihazar"
"Narayanganj","Bandar"
"Narayanganj","Narayanganj Sadar"
"Narayanganj","Rupganj"
"Narayanganj","Sonargaon"
"Narsingdi","Belabo"
"Narsingdi","Manohardi"
"Narsingdi","Narsingdi Sadar"
"Narsingdi","Palash"
"Narsingdi","Roypura"
"Narsingdi","Shibpur"
"Natore","Bagati Para"
"Natore","Baraigram"
"Natore","Gurudaspur"
"Natore","Lalpur"
"Natore","Natore Sadar"
"Natore","Singra"
"Nawabganj","Bholahat"
"Nawabganj","Gomastapur"
"Nawabganj","Nachole"
"Nawabganj","Nawabganj Sadar"
"Nawabganj","Shibganj"
"Netrakona","Atpara"
"Netrakona","Barhatta"
"Netrakona","Durgapur"
"Netrakona","Kalmakanda"
"Netrakona","Kendua"
"Netrakona","Khaliajuri"
"Netrakona","Madan"
"Netrakona","Mohanganj"
"Netrakona","Netrokona Sadar"
"Netrakona","Purbadhala"
"Nilphamari","Dimla"
"Nilphamari","Domar"
"Nilphamari","Jaldhaka"
"Nilphamari","Kishoreganj"
"Nilphamari","Nilphamari Sadar"
"Nilphamari","Saidpur"
"Noakhali","Begumganj"
"Noakhali","Chatkhil"
"Noakhali","Companiganj"
"Noakhali","Hatiya"
"Noakhali","Kabirhat"
"Noakhali","Noakhali Sadar (Sudharam)"
"Noakhali","Senbagh"
"Noakhali","Sonaimuri"
"Noakhali","Subarnachar"
"Pabna","Atgharia"
"Pabna","Bera"
"Pabna","Bhangura"
"Pabna","Chatmohar"
"Pabna","Faridpur"
"Pabna","Ishwardi"
"Pabna","Pabna Sadar"
"Pabna","Santhia"
"Pabna","Sujanagar"
"Panchagarh","Atwari"
"Panchagarh","Boda"
"Panchagarh","Debiganj"
"Panchagarh","Panchagarh Sadar"
"Panchagarh","Tentulia"
"Patuakhali","Bauphal"
"Patuakhali","Dashmina"
"Patuakhali","Dumki"
"Patuakhali","Galachipa"
"Patuakhali","Kala Para"
"Patuakhali","Mirzaganj"
"Patuakhali","Patuakhali Sadar"
"Pirojpur","Bhandaria"
"Pirojpur","Kawkhali"
"Pirojpur","Mathbaria"
"Pirojpur","Nazirpur"
"Pirojpur","Nesarabad (Swarupkati)"
"Pirojpur","Pirojpur Sadar"
"Pirojpur","Zianagar"
"Rajbari","Balia Kandi"
"Rajbari","Goalandaghat"
"Rajbari","Kalukhali"
"Rajbari","Pangsha"
"Rajbari","Rajbari Sadar"
"Rajshahi","Bagha"
"Rajshahi","Baghmara"
"Rajshahi","Boalia"
"Rajshahi","Charghat"
"Rajshahi","Durgapur"
"Rajshahi","Godagari"
"Rajshahi","Matihar"
"Rajshahi","Mohanpur"
"Rajshahi","Paba"
"Rajshahi","Puthia"
"Rajshahi","Rajpara"
"Rajshahi","Shah Makhdum"
"Rajshahi","Tanore"
"Rangamati","Baghai Chhari"
"Rangamati","Barkal"
"Rangamati","Belai Chhari"
"Rangamati","Jurai Chhari"
"Rangamati","Kaptai"
"Rangamati","Kawkhali (Betbunia)"
"Rangamati","Langadu"
"Rangamati","Naniarchar"
"Rangamati","Rajasthali"
"Rangamati","Rangamati Sadar"
"Rangpur","Badarganj"
"Rangpur","Gangachara"
"Rangpur","Kaunia"
"Rangpur","Mitha Pukur"
"Rangpur","Pirgachha"
"Rangpur","Pirganj"
"Rangpur","Rangpur Sadar"
"Rangpur","Taraganj"
"Satkhira","Assasuni"
"Satkhira","Debhata"
"Satkhira","Kalaroa"
"Satkhira","Kaliganj"
"Satkhira","Satkhira Sadar"
"Satkhira","Shyamnagar"
"Satkhira","Tala"
"Shariatpur","Bhedarganj"
"Shariatpur","Damudya"
"Shariatpur","Gosairhat"
"Shariatpur","Naria"
"Shariatpur","Shariatpur Sadar"
"Shariatpur","Zanjira"
"Sherpur","Jhenaigati"
"Sherpur","Nakla"
"Sherpur","Nalitabari"
"Sherpur","Sherpur Sadar"
"Sherpur","Sreebardi"
"Sirajganj","Belkuchi"
"Sirajganj","Chauhali"
"Sirajganj","Kamarkhanda"
"Sirajganj","Kazipur"
"Sirajganj","Royganj"
"Sirajganj","Shahjadpur"
"Sirajganj","Sirajganj Sadar"
"Sirajganj","Tarash"
"Sirajganj","Ullah Para"
"Sunamganj","Bishwambarpur"
"Sunamganj","Chhatak"
"Sunamganj","Dakshin Sunamganj"
"Sunamganj","Derai"
"Sunamganj","Dharampasha"
"Sunamganj","Dowarabazar"
"Sunamganj","Jagannathpur"
"Sunamganj","Jamalganj"
"Sunamganj","Sulla"
"Sunamganj","Sunamganj Sadar"
"Sunamganj","Tahirpur"
"Sylhet","Balaganj"
"Sylhet","Beani Bazar"
"Sylhet","Bishwanath"
"Sylhet","Companiganj"
"Sylhet","Dakshin Surma"
"Sylhet","Fenchuganj"
"Sylhet","Golabganj"
"Sylhet","Gowainghat"
"Sylhet","Jaintiapur"
"Sylhet","Kanaighat"
"Sylhet","Sylhet Sadar"
"Sylhet","Zakiganj"
"Tangail","Basail"
"Tangail","Bhuapur"
"Tangail","Delduar"
"Tangail","Dhanbari"
"Tangail","Ghatail"
"Tangail","Gopalpur"
"Tangail","Kalihati"
"Tangail","Madhupur"
"Tangail","Mirzapur"
"Tangail","Nagarpur"
"Tangail","Sakhipur"
"Tangail","Tangail Sadar"
"Thakurgaon","Baliadangi"
"Thakurgaon","Haripur"
"Thakurgaon","Pirganj"
"Thakurgaon","Ranisankail"
"Thakurgaon","Thakurgaon Sadar"
