Region,District,Thana
Barisal,Bhola,Char Fasson
Barisal,Bhola,Daulat Khan
Barisal,Bhola,Lalmohan
Barisal,Bhola,Manpura
Barisal,Bhola,Tazumuddin
Barisal,Jhalakati,Jhalakati Sadar
Barisal,Jhalakati,Kanthalia
Barisal,Jhalakati,Nalchity
Barisal,Jhalakati,Rajapur
Barisal,Pirojpur,Bhandaria
Barisal,Pirojpur,Kawkhali
Barisal,Pirojpur,Mathbaria
Barisal,Pirojpur,Nazirpur
Barisal,Pirojpur,Nesarabad
Barisal,Pirojpur,Pirojpur Sadar
Barisal,Barguna,Amtali
Barisal,Barguna,Bamna
Barisal,Barguna,Barguna Sadar
Barisal,Barguna,Betagi
Barisal,Barguna,Patharghata
Barisal,Patuakhali,Bauphal
Barisal,Patuakhali,Dashmina
Barisal,Patuakhali,Dumki
Barisal,Patuakhali,Galachipa
Barisal,Patuakhali,Kalapara
Barisal,Patuakhali,Mirzaganj
Barisal,Patuakhali,PatuaKhali Sadar
Barisal,Barisal,Barisal Sadar
Barisal,Madaripur,Kalkini
Barisal,Madaripur,Madaripur Sadar
Barisal,Madaripur,Rajoir
Barisal,Madaripur,ShibChar
Barisal,Shariatpur,Bhedarganj
Barisal,Shariatpur,Damoudya
Barisal,Shariatpur,Gosairhat
Barisal,Shariatpur,Naria
Barisal,Shariatpur,Sariatpur Sadar
Barisal,Shariatpur,Zanjira
Chittagong,Chittagong,Anowara
Chittagong,Chittagong,Bayejid Bostami
Chittagong,Chittagong,Banskhali
Chittagong,Chittagong,Bakalia
Chittagong,Chittagong,Boalkhali
Chittagong,Chittagong,Chandanaish
Chittagong,Chittagong,Chandgaon
Chittagong,Chittagong,Chittagong Port
Chittagong,Chittagong,Double Mooring
Chittagong,Chittagong,FatikChhari
Chittagong,Chittagong,Halishahar
Chittagong,Chittagong,Hathazari
Chittagong,Chittagong,Kotwali
Chittagong,Chittagong,Khulshi
Chittagong,Chittagong,Lohagora
Chittagong,Chittagong,Mirsharai
Chittagong,Chittagong,Pahartali
Chittagong,Chittagong,Panchlaish
Chittagong,Chittagong,Patiya
Chittagong,Chittagong,Patenga
Chittagong,Chittagong,Rangunia
Chittagong,Chittagong,Raozan
Chittagong,Chittagong,Swandip
Chittagong,Chittagong,Shatkania
Chittagong,Chittagong,Sitakunda
Chittagong,Cox's Bazar,Chakaria
Chittagong,Cox's Bazar,Cox's Bazar Sadar
Chittagong,Cox's Bazar,Kutubdia
Chittagong,Cox's Bazar,Maheshkhali
Chittagong,Cox's Bazar,Ramu
Chittagong,Cox's Bazar,Teknaf
Chittagong,Cox's Bazar,Ukhia
Chittagong,Khagrachari,Dighinala
Chittagong,Khagrachari,Khagrachhari Sadar
Chittagong,Khagrachari,Lakshmichhari
Chittagong,Khagrachari,Mahalchhari
Chittagong,Khagrachari,Matiranga
Chittagong,Khagrachari,Panchhari
Chittagong,Khagrachari,Manikchhari
Chittagong,Khagrachari,Ramgarh
Chittagong,Rangamati,Baghaichhari
Chittagong,Rangamati,Barkal
Chittagong,Rangamati,Kawkhali
Chittagong,Rangamati,Belaicahhari
Chittagong,Rangamati,Langadu
Chittagong,Rangamati,Kaptai
Chittagong,Rangamati,Juraichhari
Chittagong,Rangamati,Naniarchar
Chittagong,Rangamati,Rajsthali
Chittagong,Rangamati,Rangamati Sadar
Chittagong,Bandarban,Alikadam
Chittagong,Bandarban,Bandarban Sadar
Chittagong,Bandarban,Lama
Chittagong,Bandarban,Naikhongchhari
Chittagong,Bandarban,Rowangchhari
Chittagong,Bandarban,Ruma
Chittagong,Bandarban,Thanchi
Cumilla,Brahmanbaria,Akhaura
Cumilla,Brahmanbaria,Banchharampur
Cumilla,Brahmanbaria,Ashuganj
Cumilla,Brahmanbaria,Kashba
Cumilla,Brahmanbaria,Nabinagar
Cumilla,Brahmanbaria,Nasirnagar
Cumilla,Brahmanbaria,Sarail
Cumilla,Brahmanbaria,Brahamanbaria Sadar
Cumilla,Chandpur,Chandpur Sadar
Cumilla,Chandpur,Faridganj
Cumilla,Chandpur,Haimchar
Cumilla,Chandpur,Hajiganj
Cumilla,Chandpur,Kachua
Cumilla,Chandpur,Matlab Dakshin
Cumilla,Chandpur,Uttarmatlab
Cumilla,Chandpur,Shahrasti
Cumilla,Comilla,Borura
Cumilla,Comilla,Brahmanpara
Cumilla,Comilla,Burichang
Cumilla,Comilla,Chandina
Cumilla,Comilla,Chauddagram
Cumilla,Comilla,Daudkandi
Cumilla,Comilla,Debidwar
Cumilla,Comilla,Homna
Cumilla,Comilla,Comilla Sadar
Cumilla,Comilla,Laksham
Cumilla,Comilla,Meghna
Cumilla,Comilla,Muradnagar
Cumilla,Comilla,Nangalkot
Cumilla,Feni,Chhagalnaiya
Cumilla,Feni,Daganbhuiyan
Cumilla,Feni,Feni Sadar
Cumilla,Feni,Parshuram
Cumilla,Feni,Sonagazi
Cumilla,Lakshmipur,Lakshmipur sadar
Cumilla,Lakshmipur,Raipur
Cumilla,Lakshmipur,Ramganj
Cumilla,Lakshmipur,Ramgati
Cumilla,Noakhali,Begumganj
Cumilla,Noakhali,Chatkhil
Cumilla,Noakhali,Companiganj
Cumilla,Noakhali,Hatiya
Cumilla,Noakhali,Senbagh
Cumilla,Noakhali,Noakhali Sadar
Dhaka,Dhaka,Badda
Dhaka,Dhaka,Bimanbandar
Dhaka,Dhaka,Cantonment
Dhaka,Dhaka,Demra
Dhaka,Dhaka,Dhamrai
Dhaka,Dhaka,Dhanmondi
Dhaka,Dhaka,Dohar
Dhaka,Dhaka,Gulshan
Dhaka,Dhaka,Hazaribagh
Dhaka,Dhaka,Kafrul
Dhaka,Dhaka,Kamrangirchar
Dhaka,Dhaka,Khilgaon
Dhaka,Dhaka,Keraniganj
Dhaka,Dhaka,Kotwali
Dhaka,Dhaka,Lalbagh
Dhaka,Dhaka,Mirpur
Dhaka,Dhaka,Mohammadpur
Dhaka,Dhaka,Motijheel
Dhaka,Dhaka,Nawabganj
Dhaka,Dhaka,Pallabi
Dhaka,Dhaka,Ramna
Dhaka,Dhaka,Sabujbagh
Dhaka,Dhaka,Savar
Dhaka,Dhaka,Shyampur
Dhaka,Dhaka,Sutrapur
Dhaka,Dhaka,Tejgaon
Dhaka,Dhaka,Uttara
Dhaka,Gazipur,Gazipur Sadar
Dhaka,Gazipur,Kaliakair
Dhaka,Gazipur,Kaliganj
Dhaka,Gazipur,Kapasia
Dhaka,Gazipur,Sreepur
Dhaka,Manikganj,Daulatpur
Dhaka,Manikganj,Ghior
Dhaka,Manikganj,Harirampur
Dhaka,Manikganj,Manikganj Sadar
Dhaka,Manikganj,Saturia
Dhaka,Manikganj,Shibalaya
Dhaka,Manikganj,Singair
Dhaka,Munshiganj,Gazaria
Dhaka,Munshiganj,Lohajang
Dhaka,Munshiganj,Munshiganj Sadar
Dhaka,Munshiganj,Serajdi Khan
Dhaka,Munshiganj,Sreenagar
Dhaka,Munshiganj,Tongibari
Dhaka,Narayanganj,Araihazar
Dhaka,Narayanganj,Sonargaon
Dhaka,Narayanganj,Bandar
Dhaka,Narayanganj,Naryanganj Sadar
Dhaka,Narayanganj,Rupganj
Dhaka,Narsingdi,Belabo
Dhaka,Narsingdi,Manohardi
Dhaka,Narsingdi,Narsingdi Sadar
Dhaka,Narsingdi,Raipura
Dhaka,Narsingdi,Shibpur
Dhaka,Narsingdi,Palash
Faridpur,Faridpur,Alfadanga
Faridpur,Faridpur,Bhanga
Faridpur,Faridpur,Boalmari
Faridpur,Faridpur,Char Bhadrasan
Faridpur,Faridpur,Faridpur Sadar
Faridpur,Faridpur,Madukhali
Faridpur,Faridpur,Nagarkanda
Faridpur,Faridpur,Sadarpur
Faridpur,Rajbari,Baliakandi
Faridpur,Rajbari,Goalandaghat
Faridpur,Rajbari,Pangsha
Faridpur,Rajbari,Rajbari Sadar
Faridpur,Jhenaidah,Harinakunda
Faridpur,Jhenaidah,Jhinaidah Sadar
Faridpur,Jhenaidah,Kaliganj
Faridpur,Jhenaidah,Kotchandpur
Faridpur,Jhenaidah,Maheshpur
Faridpur,Jhenaidah,Shailkupa
Faridpur,Magura,Magura Sadar
Faridpur,Magura,Mohammadpur
Faridpur,Magura,Shalikha
Faridpur,Magura,Sreepur
Faridpur,Chuadanga,Alamdanga
Faridpur,Chuadanga,Chuadanga Sadar
Faridpur,Chuadanga,Damurhuda
Faridpur,Chuadanga,Jibannagar
Faridpur,Kushtia,Bheramara
Faridpur,Kushtia,Daulatpur
Faridpur,Kushtia,Khoksa
Faridpur,Kushtia,Kumar Khali
Faridpur,Kushtia,Kushtia Sadar
Faridpur,Kushtia,Mirpur
Faridpur,Meherpur,Gangni
Faridpur,Meherpur,Mujibnagar
Faridpur,Meherpur,Meherpur Sadar
Khulna,Jessore,Abhaynagar
Khulna,Jessore,Bagherpara
Khulna,Jessore,Chaugachha
Khulna,Jessore,Jhikargachha
Khulna,Jessore,Keshabpur
Khulna,Jessore,Kotwali
Khulna,Jessore,Manirampur
Khulna,Jessore,Sharsha
Khulna,Narail,Kalia
Khulna,Narail,Lahagara
Khulna,Narail,Narail Sadar
Khulna,Bagerhat,Bagerhat Sadar
Khulna,Bagerhat,Chitalmari
Khulna,Bagerhat,Fakirhat
Khulna,Bagerhat,Kachua
Khulna,Bagerhat,Mollahat
Khulna,Bagerhat,Mongla
Khulna,Bagerhat,Morrelganj
Khulna,Bagerhat,Rampal
Khulna,Bagerhat,Sarankhola
Khulna,Khulna,Batiaghata
Khulna,Khulna,Dacope
Khulna,Khulna,Daulatpur
Khulna,Khulna,Dumuria
Khulna,Khulna,Dighalia
Khulna,Khulna,Khalishpur
Khulna,Khulna,Khanjahan Ali
Khulna,Khulna,Khulna Sadar
Khulna,Khulna,Koyra
Khulna,Khulna,Paikgachha
Khulna,Khulna,Phultala
Khulna,Khulna,Rupsa
Khulna,Khulna,Sonadanga
Khulna,Khulna,Terokhada
Khulna,Satkhira,Assasuni
Khulna,Satkhira,Debhata
Khulna,Satkhira,Kalaroa
Khulna,Satkhira,Kaliganj
Khulna,Satkhira,Satkhira Sadar
Khulna,Satkhira,Shyamnagar
Khulna,Satkhira,Tala
Khulna,Gopalganj,Gopalganj Sadar
Khulna,Gopalganj,Kashiani
Khulna,Gopalganj,Kotalipara
Khulna,Gopalganj,Muksudpur
Khulna,Gopalganj,Tungipara
Mymensingh,Jamalpur,Bakshiganj
Mymensingh,Jamalpur,Dewanganj
Mymensingh,Jamalpur,Islampur
Mymensingh,Jamalpur,Jamalpur Sadar
Mymensingh,Jamalpur,Madarganj
Mymensingh,Jamalpur,Melandaha
Mymensingh,Jamalpur,Sharishabari
Mymensingh,Sherpur,Jhenaigati
Mymensingh,Sherpur,Nakla
Mymensingh,Sherpur,Nalitabari
Mymensingh,Sherpur,Sherpur Sadar
Mymensingh,Sherpur,Sreebardi
Mymensingh,Kishoreganj,Austagram
Mymensingh,Kishoreganj,Bajitpur
Mymensingh,Kishoreganj,Bhairab
Mymensingh,Kishoreganj,Hossainpur
Mymensingh,Kishoreganj,Itna
Mymensingh,Kishoreganj,Karimganj
Mymensingh,Kishoreganj,Katiadi
Mymensingh,Kishoreganj,Kishoreganj Sadar
Mymensingh,Kishoreganj,Kuliarchar
Mymensingh,Kishoreganj,Mitamain
Mymensingh,Kishoreganj,Nikli
Mymensingh,Kishoreganj,Pakundia
Mymensingh,Kishoreganj,Tarai
Mymensingh,Mymensingh,Bhaluka
Mymensingh,Mymensingh,Dhobaura
Mymensingh,Mymensingh,Fulbari
Mymensingh,Mymensingh,Gaffargaon
Mymensingh,Mymensingh,Gauripur
Mymensingh,Mymensingh,Haluaghat
Mymensingh,Mymensingh,Iswarganj
Mymensingh,Mymensingh,Mymensingh Sadar
Mymensingh,Mymensingh,Muktagachha
Mymensingh,Mymensingh,Nandail
Mymensingh,Mymensingh,Phulpur
Mymensingh,Mymensingh,Trishal
Mymensingh,Netrokona,Atpara
Mymensingh,Netrokona,Barhatta
Mymensingh,Netrokona,Durgapur
Mymensingh,Netrokona,Khaliajuri
Mymensingh,Netrokona,Kalmakanda
Mymensingh,Netrokona,Kendua
Mymensingh,Netrokona,Madan
Mymensingh,Netrokona,Mohanganj
Mymensingh,Netrokona,Netrokona Sadar
Mymensingh,Netrokona,Purbadhala
Mymensingh,Tangail,Basail
Mymensingh,Tangail,Bhuapur
Mymensingh,Tangail,Delduar
Mymensingh,Tangail,Ghatail
Mymensingh,Tangail,Gopalpur
Mymensingh,Tangail,Kalihati
Mymensingh,Tangail,Madhupur
Mymensingh,Tangail,Mirzapur
Mymensingh,Tangail,Nagarpur
Mymensingh,Tangail,Sakhipur
Mymensingh,Tangail,Tangail Sadar
Rajshahi,Bogra,Adamdighi
Rajshahi,Bogra,Bogra Sadar
Rajshahi,Bogra,Dhunat
Rajshahi,Bogra,Dhupchanchia
Rajshahi,Bogra,Gabtali
Rajshahi,Bogra,Kahaloo
Rajshahi,Bogra,Nandigram
Rajshahi,Bogra,Sariakandi
Rajshahi,Bogra,Sherpur
Rajshahi,Bogra,Sibganj
Rajshahi,Bogra,Sonatola
Rajshahi,Joypurhat,Akkelpur
Rajshahi,Joypurhat,Joupurhat Sadar
Rajshahi,Joypurhat,Kalai
Rajshahi,Joypurhat,Khetlal
Rajshahi,Joypurhat,Panchbibi
Rajshahi,Pabna,Atgharia
Rajshahi,Pabna,Bera
Rajshahi,Pabna,Bhangura
Rajshahi,Pabna,Chatmohar
Rajshahi,Pabna,Faridpur
Rajshahi,Pabna,Iswardi
Rajshahi,Pabna,Pabna Sadar
Rajshahi,Pabna,Santhia
Rajshahi,Pabna,Sujanagar
Rajshahi,Sirajganj,Belkuchi
Rajshahi,Sirajganj,Chauhali
Rajshahi,Sirajganj,Kamarkhanda
Rajshahi,Sirajganj,Kazipur
Rajshahi,Sirajganj,Rayganj
Rajshahi,Sirajganj,Shahjadpur
Rajshahi,Sirajganj,Sirajganj Sadar
Rajshahi,Sirajganj,Tarash
Rajshahi,Sirajganj,Ullapara
Rajshahi,Naogaon,Atari
Rajshahi,Naogaon,Badalgachhi
Rajshahi,Naogaon,Dhamoirhat
Rajshahi,Naogaon,Manda
Rajshahi,Naogaon,Mahadebpur
Rajshahi,Naogaon,Naogaon Sadar
Rajshahi,Naogaon,Niamatpur
Rajshahi,Naogaon,Patnitala
Rajshahi,Naogaon,Porsha
Rajshahi,Naogaon,Raninagar
Rajshahi,Naogaon,Sapahar
Rajshahi,Natore,Bagati para
Rajshahi,Natore,Baraigram
Rajshahi,Natore,Gurudaspur
Rajshahi,Natore,Lalpur
Rajshahi,Natore,Natore Sadar
Rajshahi,Natore,Singra
Rajshahi,Chapainawabganj,Bhola hat
Rajshahi,Chapainawabganj,Gomastapur
Rajshahi,Chapainawabganj,Nachole
Rajshahi,Chapainawabganj,Nawabganj Sadar
Rajshahi,Chapainawabganj,Shib ganj
Rajshahi,Rajshahi,Bagha
Rajshahi,Rajshahi,Baghmara
Rajshahi,Rajshahi,Boalia
Rajshahi,Rajshahi,Charghat
Rajshahi,Rajshahi,Durgapur
Rajshahi,Rajshahi,Godagari
Rajshahi,Rajshahi,Matihar
Rajshahi,Rajshahi,Mohanpur
Rajshahi,Rajshahi,Paba
Rajshahi,Rajshahi,Puthia
Rajshahi,Rajshahi,Rajpara
Rajshahi,Rajshahi,Shahmakhdum
Rajshahi,Rajshahi,Tanor
Rangpur,Dinajpur,Birampur
Rangpur,Dinajpur,Birganj
Rangpur,Dinajpur,Biral
Rangpur,Dinajpur,Bochagonj
Rangpur,Dinajpur,Chirirbandar
Rangpur,Dinajpur,Fulbari
Rangpur,Dinajpur,Ghoraghat
Rangpur,Dinajpur,Hakimpur
Rangpur,Dinajpur,Kaharole
Rangpur,Dinajpur,Khansama
Rangpur,Dinajpur,Dinajpur Sadar
Rangpur,Dinajpur,Nawabganj
Rangpur,Dinajpur,Parbatipur
Rangpur,Panchagarh,Atwari
Rangpur,Panchagarh,Boda
Rangpur,Panchagarh,Debiganj
Rangpur,Panchagarh,Panchagarh Sadra
Rangpur,Panchagarh,Tentulia
Rangpur,Thakurgaon,Balladangi
Rangpur,Thakurgaon,Haripur
Rangpur,Thakurgaon,Pirganj
Rangpur,Thakurgaon,Ranisankail
Rangpur,Thakurgaon,Thakurgaonsad
Rangpur,Gaibandha,Fulchari
Rangpur,Gaibandha,Gaibandha Sadar
Rangpur,Gaibandha,Gobindaganj
Rangpur,Gaibandha,Palashbari
Rangpur,Gaibandha,Sadullapur
Rangpur,Gaibandha,Saghatta
Rangpur,Gaibandha,Sundarganj
Rangpur,Kurigram,Bhurungamari
Rangpur,Kurigram,Charrajibpur
Rangpur,Kurigram,Chlmari
Rangpur,Kurigram,Phulbari
Rangpur,Kurigram,Kurigaram Sadar
Rangpur,Kurigram,Nageshwari
Rangpur,Kurigram,Rajarhat
Rangpur,Kurigram,Raumari
Rangpur,Kurigram,Ulipur
Rangpur,Lalmonirhat,Aditmari
Rangpur,Lalmonirhat,Hatibandha
Rangpur,Lalmonirhat,Kali Ganj
Rangpur,Lalmonirhat,Lalmonirhat Sadar
Rangpur,Lalmonirhat,Patgram
Rangpur,Nilphamari,Dimla
Rangpur,Nilphamari,Domar
Rangpur,Nilphamari,Jaldhaka
Rangpur,Nilphamari,Kishoreganj
Rangpur,Nilphamari,Nliphamari Sadar
Rangpur,Nilphamari,Saidpur
Rangpur,Rangpur,Badarganj
Rangpur,Rangpur,Gangachara
Rangpur,Rangpur,Kaunia
Rangpur,Rangpur,Rangpur Sadar
Rangpur,Rangpur,Mithapukur
Rangpur,Rangpur,Pirgachha
Rangpur,Rangpur,Pirganj
Rangpur,Rangpur,Taraganj
Sylhet,Habiganj,Ajmiriganj
Sylhet,Habiganj,Bahubal
Sylhet,Habiganj,Baniachong
Sylhet,Habiganj,Chunarughat
Sylhet,Habiganj,Habiganj Sadar
Sylhet,Habiganj,Lakhai
Sylhet,Habiganj,Madhabpur
Sylhet,Habiganj,Nabiganj
Sylhet,Maulvibazar,Barlekha
Sylhet,Maulvibazar,Kamalganj
Sylhet,Maulvibazar,Kulaura
Sylhet,Maulvibazar,Maulvibazar Sadar
Sylhet,Maulvibazar,Rajnagar
Sylhet,Maulvibazar,Sreemangal
Sylhet,Sunamganj,Bishwambarpur
Sylhet,Sunamganj,Chhatak
Sylhet,Sunamganj,Derai
Sylhet,Sunamganj,Dharmapasha
Sylhet,Sunamganj,Dowara Bazar
Sylhet,Sunamganj,Jagannathpur
Sylhet,Sunamganj,Jamalganj
Sylhet,Sunamganj,Sulla
Sylhet,Sunamganj,Sunamganj Sadar
Sylhet,Sunamganj,Tahirpur
Sylhet,Sylhet,Balaganj
Sylhet,Sylhet,Beanibazar
Sylhet,Sylhet,Bishwanath
Sylhet,Sylhet,Companiganj
Sylhet,Sylhet,Fenchuganj
Sylhet,Sylhet,Golabganj
Sylhet,Sylhet,Gowainghat
Sylhet,Sylhet,Jaintapur
Sylhet,Sylhet,Kanaighat
Sylhet,Sylhet,Sylhet Sadar
Sylhet,Sylhet,Zakiganj
